Film_title,Release_year,Director,Cast,Average_rating,Owner_rating,Genres,Runtime,Countries,Original_language,Spoken_languages,Studios,Watches,List_appearances,Likes,Fans,½,★,★½,★★,★★½,★★★,★★★½,★★★★,★★★★½,★★★★★,Total_ratings,Film_URL
Dune: Part Two,2024,Denis Villeneuve,"['Timothée Chalamet', 'Zendaya', 'Rebecca Ferguson', 'Javier Bardem', 'Josh Brolin', 'Austin Butler', 'Florence Pugh', 'Dave Bautista', 'Christopher Walken', 'Léa Seydoux', 'Stellan Skarsgård', 'Charlotte Rampling', 'Souheila Yacoub', 'Roger Yuan', 'Babs Olusanmokun', 'Alison Halstead', 'Giusi Merli', 'Kait Tenison', 'Tara Breathnach', 'Akiko Hitomi', 'Imola Gáspár', 'Alison Adnet', 'Hamza Baissa', 'Hassan Najib', 'Jasper Ryan-Carter', 'Elbooz Omar Ahmed Fathie', 'Abdelkarim Hussein Seli Mohamed Hassanin', 'Joseph Beddelem', 'Xavier Alba Royo', 'Rachid Abbad', 'Affif Ben Badra', 'Botond Bóta', 'Abdelaziz Boumane', 'Abdellah Echahbi', 'Zouhair Elakkari', 'Noureddine Hajoujou', 'Mohamed Mouraoui', 'Adil Achraf Sayd', 'Hamza Sayd', 'Hopi Grace', 'Havin Fathi', 'Kincsö Pethö', 'Cat Simmons', 'Burt Caesar', 'Remi Fadare', 'Amer El-Erwadi', 'Tedroy Newell', 'Oxa Hazel', 'Hajiyeva Pakiza', 'Leon Herbert', 'Sima Rostami', 'Yvonne Campbell', 'Joseph Charles', 'Vic Zander', 'Dylan Baldwin', 'Marcia Tucker', 'Nicola Brome', 'Kathy Owen', 'Huw Novelli', 'Moe Bar-El', 'Serhat Metin', 'Amra Mallassi', 'Adam Bloom', 'Luis Alkmim', 'Jordan Long', 'Omar A.K.', 'Zdeněk Dvořáček', 'Billy Clements', 'Anton Saunders', 'Lex Daniel', 'Dominic McHale', 'Paul Boyle', 'Niall White', 'Tony Cook', 'Gábor Szemán', 'Jonathan Gunning', 'Will Irvine', 'Alan Mehdizadeh', 'Rex Adams', 'Molly Mcowan', 'Ana Cilas', 'Kajsa Mohammar', 'Sára Bácsfalvi', 'Zsófia Kocsis', 'Matthew Sim', 'Steve Wall', 'Italo Amerighi', 'Tim Hilborne', 'Cecile Sinclair', 'Tracy Coogan', 'Zoe Kata Kaska', 'Jimmy Walker', 'Rand Faris', 'Fouad Humaidan', 'Manaf Irani', 'Dora Kápolnai-Schvab', 'Joelle', 'Anya Taylor-Joy', 'Peter Sztojanov Jr.', 'Alexandra Tóth', 'Serhat Metin']",4.48,nan,"['Adventure', 'Science Fiction']",167,['USA'],English,['English'],['Legendary Pictures'],1635392,264732,769146,48000,1580,2676,1790,8803,12252,49838,83226,287369,339617,651555,1438706,https://letterboxd.com/film/dune-part-two/
Challengers,2024,Luca Guadagnino,"['Zendaya', ""Josh O'Connor"", 'Mike Faist', 'Darnell Appling', 'Bryan Doo', 'Shane T Harris', 'Nada Despotovich', 'Joan Mcshane', 'Chris Fowler', 'Mary Joe Fernández', 'A.J. Lister', 'Connor Aulson', 'Doria Bramante', 'Christine Dye', 'James Sylva', 'Kenneth A. Osherow', 'Kevin Collins', 'Burgess Byrd', 'Jason Tong', 'Hudson Rivera', 'Noah Eisenberg', 'Emma Davis', 'Naheem Garcia', 'Alex Bancila', 'Jake Jensen', 'Konrad Ryba', 'Hailey Gates', 'Andrew Rogers', 'Beverly Kristenson Helton', 'Brad Gilbert', 'Sam Xu', 'Caleb Schneider', 'Sam Arnold']",4.14,nan,"['Drama', 'Romance']",132,"['Italy', 'USA']",English,['English'],"['Pascal Pictures', 'Why Are You Acting? Productions', 'Frenesy Film', 'Metro-Goldwyn-Mayer']",660790,115933,286119,12000,1383,2454,2221,8953,11977,38543,63935,168042,136222,161122,594852,https://letterboxd.com/film/challengers/
Robot Dreams,2023,Pablo Berger,"['Ivan Labanda', 'Tito Trifol', 'Rafa Calvo', 'José García Tos', 'José Luis Mediavilla', 'Graciela Molina', 'Esther Solans']",4.02,nan,"['Comedy', 'Science Fiction', 'Animation', 'Drama']",102,"['France', 'Spain']",No spoken language,['No spoken language'],"['Arcadia Motion Pictures', 'LokizFilms', 'Noodles Production', 'Les films du Worso']",100910,34271,49311,1200,64,184,164,760,1458,6641,13318,31020,15779,20801,90189,https://letterboxd.com/film/robot-dreams/
La Chimera,2023,Alice Rohrwacher,"[""Josh O'Connor"", 'Carol Duarte', 'Alba Rohrwacher', 'Isabella Rossellini', 'Vincenzo Nemolato', 'Lou Roy-Lecollinet', 'Giuliano Mantovani', 'Gian Piero Capretto', 'Melchiorre Pala', 'Ramona Fiorini', 'Luca Gargiullo', 'Yle Vianello', 'Barbara Chiesa', 'Elisabetta Perotto', 'Chiara Pazzaglia', 'Francesca Carrain', 'Luciano Vergaro', 'Carlo Tarmati', 'Valentino Santagati', 'Piero Crucitti', 'Milutin Dapčević', 'Luca Chikovani', 'Julia Vella', 'Agnese Graziani', 'Alessandro Genovesi', 'Cristiano Piazzati', 'Sofia Stangherlin', 'Marianna Pantani', 'Maria Alexandra Lungu', 'Paolo Bizzarri', 'Claudio Fabbri', 'Monaldo Gazzella', 'Sofija Zobina', 'Silvia Lucarini', 'Pancrazio Capretto', 'Elisabetta Anella', 'Maddalena Baiocco', 'Leila Nuniz', 'Giulia Caccavello', 'Franco Barzi', 'Fabrizio Pierini', 'Andrea Pettirossi', 'Maria Pia Clementi', 'Anna DeLuca']",4.04,nan,"['Comedy', 'Adventure', 'Drama', 'Fantasy']",133,"['France', 'Italy', 'Switzerland', 'Turkey']",Italian,"['Italian', 'English', 'Portuguese', 'French']","['Tempesta', 'RAI Cinema', 'Ad Vitam Production', 'Amka Films', 'ARTE France Cinéma', 'TRT Sinema']",83747,26833,35045,2000,47,178,227,967,1583,5601,9944,22963,12705,12713,66928,https://letterboxd.com/film/la-chimera/
Civil War,2024,Alex Garland,"['Kirsten Dunst', 'Wagner Moura', 'Cailee Spaeny', 'Stephen McKinley Henderson', 'Nelson Lee', 'Nick Offerman', 'Jefferson White', 'Evan Lai', 'Vince Pisani', 'Justin James Boykin', 'Jess Matney', 'Greg Hill', 'Edmund Donovan', 'Sonoya Mizuno', 'Tim James', 'Simeon Freeman', 'James Yaegashi', 'Dean Grimes', 'Alexa Mansour', 'Martha B. Knighton', 'Melissa Saint-Amand', 'Karl Glusman', 'Jin Ha', 'Jojo T. Gibbs', 'Jared Shaw', 'Justin Garza', 'Brian Philpot', 'Tywaun Tornes', 'Juani Feliz', 'Jesse Plemons', 'John Newberg', 'Kevin Howell', ""Ernest 'Scooby' Rogers"", 'Robert Perry Bierman', 'Joe Manuel Gallegos Jr.', 'Christopher Cocke', 'Ryan Austin Bryant', 'Jeff Bosley', 'Brent Moorer Gaskins', 'Evan Holtzman', 'Lauren Marie Gordon', 'Kevin Kedgley', 'Timothy LaForce', 'Cora Maple Lindell', 'Cody Marshall', 'Randy S. Love', 'Petey Nguyễn', 'LePrix Robinson', 'Kim Rosen', 'Daniel Patrick Shook', 'Robert Tinsley', 'Jaclyn White', 'Temper Lavigne']",3.7,nan,"['Drama', 'War', 'Action']",109,"['Finland', 'UK']",English,['English'],"['DNA Films', 'IPR.VC']",413681,91503,130884,1500,1390,3165,3471,12335,18240,48724,73175,124058,49989,33909,368456,https://letterboxd.com/film/civil-war-2024/
Monkey Man,2024,Dev Patel,"['Dev Patel', 'Pitobash', 'Jatin Malik', 'Adithi Kalkunte', 'Sikandar Kher', 'Makrand Deshpande', 'Ashwini Kalsekar', 'Vipin Sharma', 'Sobhita Dhulipala', 'Jomon Thomas', 'Pehan Abdul', 'Brahim Achabbakhe', 'Suhaimi', 'Vijay Kumar', 'Jino A. Samuel', 'Kalih Dewantoro', 'Alan Jiraiya', 'Baby Tamba', 'Abhiram Reddam', 'Harshit Mahawar', 'Winai Wiangyangkung', 'Dayangku Zyana', 'Christopher Oba Warella', 'Fahad Scale', 'Reva Marchellin', 'Pehan Meutuah Abdul', 'Teddy Khannayan', 'Renren Subramany', 'Sharlto Copley', 'Zakir Hussain', 'Agus Mulana', 'Quraish Aattamimi']",3.76,nan,"['Thriller', 'Action']",121,"['Canada', 'Singapore', 'USA']",English,"['English', 'Hindi']","['Thunder Road', 'Bron Studios', 'Monkeypaw Productions', 'Minor Realm', 'Creative Wealth Media Finance', 'WME Independent', ""S'YA Concept""]",314428,68915,119986,2200,411,1052,1276,5451,10281,35918,59705,93734,37963,34549,280340,https://letterboxd.com/film/monkey-man/
Love Lies Bleeding,2024,Rose Glass,"['Kristen Stewart', ""Katy O'Brian"", 'Ed Harris', 'Dave Franco', 'Jena Malone', 'Anna Baryshnikov', 'Orion Carrington', 'Eldon Jones', 'Catherine Haun', 'Matthew Blood-Smyth', 'Keith Jardine', 'Jerry G. Angelo', 'Tait Fletcher', 'Jamie Javier Guerreo', 'Roger Ivens', 'Kim S. Monti', 'David DeLao', 'Mikandrew', 'Hilary Fleming', 'Lontrell Anderson']",3.65,nan,"['Romance', 'Thriller', 'Crime']",104,"['UK', 'USA']",English,['English'],"['Film4 Productions', 'Escape Plan', 'A24', 'Lobo Films']",260515,71467,93821,2100,735,1501,1565,6085,9732,31000,49774,74115,26724,25417,226648,https://letterboxd.com/film/love-lies-bleeding-2024/
Problemista,2023,Julio Torres,"['Julio Torres', 'Tilda Swinton', 'RZA', 'Isabella Rossellini', 'Catalina Saavedra', 'James Scully', 'Greta Lee', 'Laith Nakli', 'Larry Owens', 'Greta Titelman', 'Spike Einbinder', 'Jason Furlani', 'Miles G. Jackson', 'Paul Cooper', 'Bardia Salimi', 'Roman Maldonado', 'Ruba Thérèse Mansouri', 'Cristina Madalina Kissler', 'Jack P. Raymond', 'Theo Maltz', 'Logan J. Alarcon-Poucel', 'Sheila Moikangoa', 'Shakina Nayfack', 'Kelly McCormack', 'Megan Stalter', 'Glo Tavarez', 'Eudora Peterson', 'Ronald Peet', 'Sandra Caldwell', 'Jordan Mendoza', 'Charlene Incarnate', 'Amy Zimmer', 'Brian Belovitch', 'Carlos E. Navedo']",3.87,nan,['Comedy'],104,['USA'],English,"['English', 'Spanish']",['Fruit Tree'],52341,18355,22946,495,66,155,175,604,1084,3979,7915,14911,7272,7590,43751,https://letterboxd.com/film/problemista/
About Dry Grasses,2023,Nuri Bilge Ceylan,"['Deniz Celiloğlu', 'Merve Dizdar', 'Musab Ekici', 'Ece Bağcı', 'Erdem Şenocak', 'Yüksel Aksu', 'Münir Can Cindoruk', 'Onur Berk Arslanoğlu', 'Yıldırım Gücük', 'Cengiz Bozkurt', 'S. Emrah Özdemir', 'Elif Ürse', 'Elit Andaç Çam', 'Nalan Kuruçim', 'Ferhat Akgün', 'Eylem Canpolat']",3.99,nan,['Drama'],197,"['France', 'Germany', 'Sweden', 'Turkey']",Turkish,['Turkish'],"['NBC Film', 'Memento Films Production', 'Komplizen Film', 'Second Land', 'Film i Väst', 'ARTE France Cinéma', 'BR', 'Playtime', 'TRT Sinema']",39053,11383,10335,183,89,189,169,579,895,3257,5133,11056,5163,3648,30178,https://letterboxd.com/film/about-dry-grasses/
Io Capitano,2023,Matteo Garrone,"['Seydou Sarr', 'Moustapha Fall', 'Issaka Sawadogo', 'Hichem Yacoubi', 'Doodou Sagna', 'Khady Sy', 'Venus Gueye', 'Cheick Oumar Diaw', 'Joe Lassana', 'Mamadou Sani', 'Bamar Kane', 'Beatrice Gnonko', 'Flaure B.B. Kabore', 'Affif Ben Badra', 'Observateur Ebène', 'Jacky Zappa', 'Abdellah Elbkiri', 'Bidar Abdelahad', 'Mohamed Amine Kihel', 'Mouhamed Gaye', 'Cheikh Ndiaye', 'Babacar Diop', 'Emilie Adams', 'Princess Erika', 'Mariam Kaba', 'Aly Niang', 'Taha Benaim', 'Didier Njikam', 'Ibrahima Gueye']",3.82,nan,"['Adventure', 'Drama']",121,"['Belgium', 'France', 'Italy']",Italian,"['Italian', 'English', 'French', 'Wolof']","['Archimede', 'RAI Cinema', 'Tarantula', 'Pathé', 'Logical Content Ventures']",48208,19523,13512,68,44,122,186,682,1335,4876,9099,14787,4856,4283,40270,https://letterboxd.com/film/io-capitano/
Hundreds of Beavers,2022,Mike Cheslik,"['Ryland Brickson Cole Tews', 'Wes Tank', 'Olivia Graves', 'Doug Mancheski', 'Luis Rico', 'Mike Cheslik', 'Jessica Knap', 'Brendan Steere', 'Jon Truei']",4.14,nan,"['Adventure', 'Comedy', 'Action']",108,['USA'],English,['English'],['SRH'],24828,9989,12555,523,70,127,106,272,402,1220,2239,6043,4856,5755,21090,https://letterboxd.com/film/hundreds-of-beavers/
The Promised Land,2023,Nikolaj Arcel,"['Mads Mikkelsen', 'Amanda Collin', 'Simon Bennebjerg', 'Kristine Kujath Thorp', 'Gustav Lindh', 'Jacob Ulrik Lohmann', 'Morten Hee Andersen', 'Magnus Krepper', 'Søren Malling', 'Morten Burian', 'Thomas W. Gabrielsson', 'Morten Buus', 'Olaf Højgaard', 'Melina Hagberg', 'Felix Kramer', 'Laura Bilgrau Eskild-Jensen', 'Anna Filippa Hjarne', 'Jiří Konvalinka', 'Martin Feifel', 'Lasse Steen Jensen', 'Nanna Finding Koppel', 'Finn Nielsen', 'Michael Brostrup', 'Joen Højerslev', 'Patricie Šlaufová', 'Jan Jankovský', 'Josef Berousek', 'Ivo Hanel', 'Kristián Černík', 'Lise Risom Olsen', 'Nikol Kouklová', 'Hans Christian Lundgren', 'Arved Friese', 'Zdenek Brüna', 'Zdeněk Dvořáček', 'Martin Navrátil', 'Adam Pengsawang', 'Tomáš Tobola', 'Karel Heřmánek']",3.91,nan,"['History', 'Drama']",127,"['Denmark', 'Germany', 'Norway', 'Sweden']",Danish,"['Danish', 'German', 'Swedish', 'Norwegian']","['Zentropa International Berlin', 'Zentropa International Sweden', 'Nordisk Film & TV Fond', 'Zentropa Entertainments', 'Film i Väst', 'Plaion Pictures', 'SVT']",32674,11429,10520,99,18,43,81,333,667,2705,5999,11384,3867,2466,27563,https://letterboxd.com/film/the-promised-land-2023/
The Fall Guy,2024,David Leitch,"['Ryan Gosling', 'Emily Blunt', 'Aaron Taylor-Johnson', 'Hannah Waddingham', 'Teresa Palmer', 'Stephanie Hsu', 'Winston Duke', 'Ben Knight', 'Matuse Paz', 'Adam Dunn', 'Zara Michales', ""Ioane Sa'ula"", 'Gregory J. Fryer', 'Madeleine Wilson', 'Kalkidan China', 'Angela Nica Sullen', 'Di Smith', ""Megan O'Connell"", 'Jack Doherty', 'Tony Lynch', 'Georgia Nottage', 'David Collins', 'Semu Filipo', 'Andrew Owen', 'Dan Reardon', 'Marky Lee Campbell', 'Chris Matheson', 'Nathan Langworthy', 'Tim Franklin', 'Scott Johnson', 'Beth Champion', 'Emily Havea', 'Lawrence Ola', 'Cassandra Sorrell', 'Ben Gerrard', 'Diego Retamales', 'Simon McLachlan', 'Alex Lee', 'Andy Ryan', 'Lee Majors', 'Heather Thomas', 'Jason Momoa', 'Daniel Nelson', 'Charlotte Wood', 'Madeleine Jones', 'Theodore Avery', 'Nova Onas', 'Nathan Bates', 'Shakriya Tarinyawat', 'Luisa Mariano', 'Tahlia Crinis', 'Martin Cohen', 'Georgia Willett', 'Robert McFarlane', 'Yoji Tatsuta']",3.55,nan,"['Action', 'Comedy']",126,['USA'],English,"['English', 'French']","['87North Productions', 'Entertainment 360', 'Universal Pictures']",242019,61138,87480,947,536,1269,1616,6282,11467,35876,57094,63849,18662,20662,217313,https://letterboxd.com/film/the-fall-guy-2024/
One Life,2023,James Hawes,"['Anthony Hopkins', 'Johnny Flynn', 'Lena Olin', 'Romola Garai', 'Alex Sharp', 'Jonathan Pryce', 'Helena Bonham Carter', 'Juliana Moska', 'Ziggy Heath', 'Marthe Keller', 'Tim Steed', 'Matilda Thorpe', 'Samantha Spiro', 'Adrian Rawlins', 'Tom Glenister', 'Michael Gould', 'Samuel Finzi', 'Jiří Šimek', 'Ffion Jolly', 'Simon Thorp', 'Emily Laing', 'Henrietta Garden', 'Anna Darvas', 'Jonathan Tafler']",3.66,nan,"['Drama', 'History', 'War']",109,['UK'],English,"['English', 'German', 'French', 'Czech']","['See-Saw Films', 'BBC Film']",52964,12403,14890,107,36,99,157,717,1743,7776,11221,15040,4204,5749,46742,https://letterboxd.com/film/one-life-2023/
Late Night with the Devil,2023,"Cameron Cairnes, Colin Cairnes","['David Dastmalchian', 'Laura Gordon', 'Ian Bliss', 'Fayssal Bazzi', 'Ingrid Torelli', 'Rhys Auteri', 'Georgina Haig', 'Josh Quong Tart', 'Steve Mouzakis', 'Paula Arundell', 'Tamala Shelton', 'Christopher Kirby', 'Gaby Seow', 'Elise Jansen', ""John O'May"", 'Clare Chihambakwe', 'Amelie Mendosa', 'Grace Cummings', 'Michael Ironside', 'Andre Switzer', 'Declan Fay', 'Milena Berhane', 'Leah Wilbraham', 'Chase Kauffman', 'Miranda Bloom', 'Mitchell Brotz', 'Caspian Dezfouli', 'Rod Lara', 'Nicole Chapman', 'Steven Kwon', 'Imaan Hadchiti', 'Farhad Zaiwala', 'Jarrad Pidoto', 'Paddy Shiels', 'Aya Cairnes', 'Gerasimos Grammenos', 'Pearl Grammenos', 'Adam Batt', 'Raoul Salter', 'Janine Lum', 'Rik Brown', 'Scarlett Varga', 'Sarah Lorey', 'Tiare Skeats', 'Anna van Guens', 'Arkie Simpson-Purdon', 'Daisy Anderson', 'Joel Anderson', 'Miles Brown', 'Scott Purdon', 'Quincy Simpson-Purdon', 'Jason Rout', 'Jeff Schwisow', 'Michael McArthur', 'Jason Marion', 'Angus Neale', 'Julia Pretto', 'John Leary', 'Déborrah Moogy Morgan']",3.44,nan,['Horror'],93,"['Australia', 'United Arab Emirates', 'USA']",English,['English'],"['Spooky Pictures', 'Future Pictures', 'Good Fiend Films', 'Image Nation Abu Dhabi', 'VicScreen', 'AGC Studios']",281468,58058,85728,775,2358,2622,2722,10155,16238,48453,60804,68695,19497,15717,247261,https://letterboxd.com/film/late-night-with-the-devil/
Kingdom of the Planet of the Apes,2024,Wes Ball,"['Owen Teague', 'Freya Allan', 'Kevin Durand', 'Peter Macon', 'William H. Macy', 'Eka Darville', 'Travis Jeffery', 'Neil Sandilands', 'Sara Wiseman', ""Ras-Samuel Welda'abzgi"", 'Lydia Peckham', 'Dichen Lachman', 'Nina Gallas', 'Karin Konoval', 'Samuel Falé', 'Olga Miller', 'Dmitriy Miller', 'Frances Berry', 'Zay Domo Artist', 'Andy McPhee']",3.47,nan,"['Adventure', 'Science Fiction', 'Action']",145,['USA'],English,['English'],"['20th Century Studios', 'Oddball Entertainment', 'Jason T. Reed Productions']",137002,44802,43101,228,306,663,847,3486,6640,22927,37578,37591,8124,4604,122766,https://letterboxd.com/film/kingdom-of-the-planet-of-the-apes/
Tótem,2023,Lila Avilés,"['Naíma Sentíes', 'Montserrat Marañon', 'Marisol Gasé', 'Saori Gurza', 'Mateo García Elizondo', 'Teresa Sánchez', 'Iazua Larios', 'Alberto Amador', 'Juan Francisco Maldonado', 'Marisela Villaruel', 'Galia Mayer', 'Lukas Urkijo', 'José Manuel Poncelis', 'Alioth Gutiérrez', 'Rodrigo Lamas', 'Abel Sánchez', 'Pepe Aguilar', 'Georgina Tábora', 'Zuadd Atala', 'Michelle Menéndez', 'Daniel Primo', 'Mariana Villegas', 'Alfonso Rodríguez', 'Francisco Pita', 'Sylvia Littel', 'Violeta Santiago', 'Ricardo García', 'Ana Ortíz', 'Miguel Vassallo', 'Omar Guzmán']",3.81,nan,"['Comedy', 'Drama']",95,"['Denmark', 'France', 'Mexico']",Spanish,"['Spanish', 'English']","['Limerencia Films', 'Paloma Productions', 'Alpha Violet Production', 'Laterna Film']",24431,10396,10156,227,46,92,87,441,652,2303,3506,6703,3215,3466,20511,https://letterboxd.com/film/totem-2023/
Femme,2023,"Sam H. Freeman, Ng Choon Ping","['Nathan Stewart-Jarrett', 'George MacKay', 'Antonia Clarke', 'Moe Bar-El', 'Nima Taleghani', 'John Leader', 'Aaron Heffernan', 'John McCrea', 'Peter McPherson', 'Asha Reid', 'Paris Tenana', 'Ryan Walker-Edwards', 'Peter Clements', 'Jackson Milner', 'Luis Torrecilla']",3.72,nan,"['Drama', 'Thriller']",99,['UK'],English,['English'],"['Agile Films', 'BBC Film', 'Anton']",25092,8270,7594,118,101,138,137,498,780,2563,4294,7504,2919,2252,21186,https://letterboxd.com/film/femme-2023/
Do Not Expect Too Much from the End of the World,2023,Radu Jude,"['Ilinca Manolache', 'Ovidiu Pîrșan', 'Nina Hoss', 'Dorina Lazăr', 'László Miske', 'Șerban Pavlu', 'Katia Pascariu', 'Nicodim Ungureanu', 'Sofia Nicolaescu', 'Uwe Boll', 'Claudia Ieremia', 'Zita Moldovan', 'Ioana Iacob', 'Alex Dascălu', 'Rodica Negrea', 'Adina Cristescu', 'Adrian Nicolae', 'Andi Vasluianu']",3.9,nan,"['Drama', 'Comedy']",164,"['Croatia', 'France', 'Luxembourg', 'Romania']",Romanian,"['Romanian', 'English']","['4 Proof Film', 'Paul Thiltges Distributions', ""Les Films d'Ici"", 'Kinorama', 'microFILM']",14165,7504,5272,128,73,96,78,276,323,1018,1695,3387,1942,1554,10442,https://letterboxd.com/film/do-not-expect-too-much-from-the-end-of-the-world/
The First Omen,2024,Arkasha Stevenson,"['Nell Tiger Free', 'Ralph Ineson', 'Sônia Braga', 'Bill Nighy', 'María Caballero', 'Nicole Sorace', 'Tawfeek Barhom', 'Charles Dance', 'Ishtar Currie Wilson', 'Andrea Arcangeli', 'Guido Quaglione', 'Dora Romano', 'Michelangelo Dalisi', 'Anton Alexander', 'Mia McGovern Zaini', 'Eugenia Delbue', 'Charita Cecamore', 'Federica Santoro', 'Donatella Bartoli', 'Marial Bajma-Riva', 'Mario Opinato', 'Rachel Hurd-Wood', 'Nicola Garofalo', 'Marcello Paesano', 'Giacomo Henri Dossi', 'Sylvia Panacione', 'Daniela Barra', 'Alessandra Fallucchi', 'Milena Božić', 'Dobrila Stojnic', 'Alberto Tierrez', 'Ljiljana Žunić', 'Eva Ras', 'Miodrag Rakočević', 'James Swanton', 'Andjelko Pavlović', 'Mina Knežević', 'Ema Nastić', 'Mateja Nešović', 'Lana Stanojević', 'Borislav Bogosavac', 'Dejan Dragosavac', 'Darko Corovic', 'Strahinja Despić', 'Amy Clayton', 'Amalia Strand', 'Nigel Dyson']",3.37,nan,['Horror'],119,['USA'],English,"['English', 'Italian']","['Phantom Four', '20th Century Studios']",100093,30282,29988,242,616,1250,1367,4382,5926,17048,22847,25189,6585,4570,89780,https://letterboxd.com/film/the-first-omen/
Wicked Little Letters,2023,Thea Sharrock,"['Olivia Colman', 'Jessie Buckley', 'Anjana Vasan', 'Timothy Spall', 'Gemma Jones', 'Malachi Kirby', 'Alisha Weir', 'Joanna Scanlan', 'Eileen Atkins', 'Lolly Adefope', 'Hugh Skinner', 'Paul Chahidi', 'Krishni Patel', 'Grant Crookes', 'Adam Treasure', 'Jonny Sweet', 'Tim Key', 'Jason Watkins', 'Richard Goulding', 'Cyril Nri', 'Tim McMullan']",3.45,nan,"['Mystery', 'Comedy', 'Drama']",100,['UK'],English,['English'],"['Blueprint Pictures', 'South of the River Pictures', 'Film4 Productions', 'People Person Pictures', 'StudioCanal']",56661,13952,14687,42,65,181,328,1437,3075,11882,14879,12697,2562,2471,49577,https://letterboxd.com/film/wicked-little-letters/
Nowhere Special,2020,Uberto Pasolini,"['James Norton', 'Daniel Lamont', ""Eileen O'Higgins"", ""Valerie O'Connor"", 'Stella McCusker', 'Carol Moore', 'Valene Kane', 'Keith McErlean', 'Laura Hughes', 'Éva Morris', 'Chris Corrigan', 'Siobhán McSweeney', 'Roisin Gallagher', 'Grace Hanna', 'Sean Sloan', ""Nigel O'Neill"", 'Rhoda Ofori-Attah', 'Asher de Silva', 'Libby McBride', 'Shiloh de Silva', 'Eva Akinsehinde', 'Alice Parker', 'Andrew Morrison', 'Paul Garrett', 'Paddy O’Reilly', 'Peter Ballance', 'Bernadette Brown', 'Niamh McGrady', 'Caolan Byrne', 'Hayley Russell']",3.84,nan,['Drama'],96,"['Italy', 'Romania', 'UK', 'France']",English,['English'],"['Picomedia', 'Beta Cinema', 'RAI Cinema', 'Northern Ireland Screen', 'Eurimages', 'Redwave Films', 'CNC', 'Digital Cube']",9063,2639,2810,61,7,15,30,106,214,932,1592,2678,870,866,7310,https://letterboxd.com/film/nowhere-special/
Abigail,2024,"Matt Bettinelli-Olpin, Tyler Gillett","['Melissa Barrera', 'Dan Stevens', 'Alisha Weir', 'Kathryn Newton', 'Kevin Durand', 'William Catlett', 'Angus Cloud', 'Giancarlo Esposito', 'Matthew Goode']",3.2,nan,"['Horror', 'Thriller']",109,['USA'],English,['English'],"['Project X Entertainment', 'Radio Silence', 'Universal Pictures', 'Vinson Films']",137522,38672,42348,461,829,1689,2030,6910,11073,29957,31024,26867,6088,7412,123879,https://letterboxd.com/film/abigail-2024/
The Beast,2023,Bertrand Bonello,"['Léa Seydoux', 'George MacKay', 'Guslagie Malanda', 'Martin Scali', 'Dasha Nekrasova', 'Elina Löwensohn', 'Marta Hoskins', 'Julia Faure', 'Kester Lovelace', 'Félicien Pinot', 'Laurent Lacotte', 'Pierre-François Garel', 'Lukas Ionesco', 'Céline Carrère', 'Hortense Gélinet', 'Pauline Jacquard', 'Alice Barnole', 'Théo Hakola', 'Antoine Barraud', 'Dejana Poposka', 'Galice Cassagnes', 'Isabelle Prim', 'Veronica Szawarska', 'Lottie Andersen', 'Matthias El Koulali', 'Tom Neal', 'Tiffany Hofstetter', 'Dimitri Michelsen', 'Rémi Canaple', 'Yazmine Van Deventer', 'Jean-Baptiste Heuet', 'Thomas Hayward', 'Andrew Eldridge', 'Marc Reed', 'Barry Johnson', 'Xavier Dolan', 'Benjamin Crotty', 'Adam Carage', 'Bertrand Bonello', 'Doug Rand', 'Gianna Salguerio', 'Stéphane Soubiran']",3.6,nan,"['Drama', 'Romance', 'Science Fiction']",147,"['Canada', 'France']",French,"['French', 'English']","['Les films du Bélier', 'Sons of Manual', 'My New Picture', 'ARTE France Cinéma']",25827,12520,7937,223,217,443,436,1255,1423,2922,3753,5197,2523,1896,20065,https://letterboxd.com/film/the-beast-2023-1/
I Saw the TV Glow,2024,Jane Schoenbrun,"['Justice Smith', 'Brigette Lundy-Paine', 'Ian Foreman', 'Helena Howard', 'Lindsey Jordan', 'Danielle Deadwyler', 'Fred Durst', ""Conner O'Malley"", 'Emma Portner', 'Madaline Riley', 'Amber Benson', 'Albert Birney', 'Michael C. Maronna', 'Danny Tamberelli', 'Timothy Allan', 'Tyler Dean Flores', 'Elizabeth Scopel', 'Marlyn Bandiero', 'Haley Dahl', 'Raina Block', 'Bailey Wollowitz', 'Lily Rothman', 'Phoebe Bridgers', 'Kris Esfandiari', 'Wilson Flores', 'Thommy Northcut', 'Julie Lodhy', 'Michael Twaine', 'Evangeline Johns', 'Elaine Apruzzese', 'Cynthia Clancy', 'Will Fitz', 'Ben Heineman', 'Julissa Piatt', 'Michelle Santiago']",3.68,nan,"['Drama', 'Horror']",100,['USA'],English,['English'],"['A24', 'Fruit Tree', 'Smudge Films', 'Hypnic Jerk', 'Access Entertainment']",25206,18710,10029,504,173,349,329,1054,1144,2189,2813,4985,3406,3546,19988,https://letterboxd.com/film/i-saw-the-tv-glow/
The Settlers,2023,Felipe Gálvez,"['Camilo Arancibia', 'Heinz K. Krattiger', 'Mark Stanley', 'Alfredo Castro', 'Benjamín Westfall', 'Agustín Rittano', 'Juan Imbert', 'Mariano Monsalve', 'Mariano Llinás', 'Maxmiliano Speranza', 'Joaquin Gabriel Pereira', 'Daniel Sanchez', 'Gianna Soledad Ceballos', 'Sam Spruell', 'Jorge Ojeda', 'Iván Granovsky', 'Santiago Gallelli', 'Mishell Guaña', 'Manuela Silva', 'Emily Orueta', 'Adriana Stuven', 'Luis Machín', 'Alma Azul', 'Facundo Aquinos', 'Marcelo Alonso', 'Fernando Yuken Espinosa', 'Bianca Pujía Levy', 'Julieta Ruiz']",3.6,nan,"['Western', 'Drama']",101,"['Argentina', 'Chile', 'Denmark', 'France', 'Germany', 'Sweden', 'Taiwan', 'UK']",Spanish,"['Spanish', 'English']","['Ciné-Sud Promotion', 'Snowglobe', 'Quijote Films', 'MK2 Films', 'Finite Films', 'Sophie Dulac Productions', 'Quiddity Films', 'Volos Films', 'Rei Cine', 'Film i Väst', 'Sutor Kolonko']",21738,6825,5890,25,30,80,97,538,950,3285,4659,5393,1490,1091,17613,https://letterboxd.com/film/the-settlers-2023/
Hit Man,2023,Richard Linklater,"['Glen Powell', 'Adria Arjona', 'Austin Amelio', 'Retta', 'Sanjay Rao', 'Molly Bernard', 'Evan Holtzman', 'Mike Markoff', 'Ritchie Montgomery', 'Kate Adair', 'Beth Bartley', 'Morgana Shaw', 'Richard Robichaux', 'Anthony Michael Frederick', 'Jordan Salloum', 'Jo-Ann Robinson', 'Bryant Carroll', 'Stephanie Hong', 'Kim Baptiste', 'Gralen Bryant Banks', 'Jonas Lerway', 'Murphee Bloom', 'Garrison Allen', 'Eleanor Threatt', 'KC Simms', 'Nathalie J. Alarcon', 'Julia Holt', 'Roxy Rivera', 'Sara Osi Scott', 'John Raley', 'David Storm', 'Jeutam Guillotte', 'Jordan Joseph', 'Joel Griffin', 'Tre Styles', 'Duffy Austin', 'Jeffrey Slade', 'Laura Schmitt', 'Laura Eden Kilmer', 'Necole Snider', 'Elijah Evans']",3.81,nan,"['Comedy', 'Action', 'Crime']",115,['USA'],English,['English'],"['Aggregate Films', 'BarnStorm Productions', 'Detour Filmproduction', 'AGC Studios']",7897,12934,2832,27,9,31,39,112,187,728,1329,2350,933,477,6195,https://letterboxd.com/film/hit-man-2023/
Riddle of Fire,2023,Weston Razooli,"['Lio Tipton', 'Charles Halford', 'Charlie Stover', 'Skyler Peters', 'Phoebe Ferro', 'Lorelei Olivia Mote', 'Andrea Browne', 'Rachel Browne', 'Weston Razooli', 'Austin Archer', 'Danielle Hoetmer', 'Chuck Marra', 'Colleen Baum', 'Lonzo Liggins', 'Kent Richards', 'Sohrab Mirmont']",3.79,nan,"['Comedy', 'Action', 'Adventure']",115,"['France', 'USA']",English,['English'],"['ANAXIA', 'FullDawa Films']",8007,4095,3409,135,17,43,59,148,280,815,1194,1931,980,1036,6503,https://letterboxd.com/film/riddle-of-fire/
The Idea of You,2024,Michael Showalter,"['Anne Hathaway', 'Nicholas Galitzine', 'Ella Rubin', 'Annie Mumolo', 'Reid Scott', 'Perry Mattfeld', 'Jordan Aaron Hall', 'Mathilda Gianopoulos', 'Meg Millidge', 'Cheech Manohar', 'Raymond Cham Jr.', 'Jaiden Anthony', 'Viktor White', 'Dakota Adan', 'Roxy Rivera', 'Graham Norton', 'Grace Junot', 'Jon Levine', 'Demi Castro', 'Trevor David', 'Brent Bailey', 'Chandler Lovelle', 'Nina Bloomgarden', 'Hedy Nasser', 'Luke Pierre Roness', 'Melanie Kiran', 'Rashal James', 'Angela Davis', 'Lauren Revard', 'Tiffany Morgan', 'Dustin Lewis', 'Tanya Lim', 'Bethany Brown', 'Trinity Ansah', 'Holly Morris', 'Jean-Luc McMurtry', 'Darryl Fields Jr.']",2.59,nan,"['Drama', 'Romance', 'Comedy']",116,['USA'],English,['English'],"['Welle Entertainment', 'Somewhere Pictures', 'I’ll Have Another', 'Amazon MGM Studios']",338417,33849,57418,186,6880,14924,15489,44770,45667,77003,38254,30534,5290,13998,292809,https://letterboxd.com/film/the-idea-of-you-2024/
Sometimes I Think About Dying,2023,Rachel Lambert,"['Daisy Ridley', 'Dave Merheje', 'Parvesh Cheena', 'Marcia DeBonis', 'Megan Stalter', ""Brittany O'Grady"", 'Bree Elrod', 'Lauren Beveridge', 'Ayanna Berkshire', 'Sean Tarjyoto', 'Jeb Berrier', 'Rich Hinz', 'June Eisler', 'Audrey Blanchet', 'Nicole Marie Green', 'Treasure Lunan', 'Andy Perkins', 'Vin Shambry']",3.57,nan,"['Drama', 'Comedy', 'Romance']",91,['USA'],English,['English'],"['Page Fifty-Four Pictures', 'Mirror Image Films', 'Sweet Tomato Films', 'Point Productions']",18601,9358,6155,105,37,94,122,513,912,3006,4202,4177,1274,877,15214,https://letterboxd.com/film/sometimes-i-think-about-dying-2023/
Orion and the Dark,2024,Sean Charmatz,"['Jacob Tremblay', 'Paul Walter Hauser', 'Angela Bassett', 'Colin Hanks', 'Natasia Demetriou', 'Golda Rosheuvel', 'Nat Faxon', 'Aparna Nancherla', 'Ike Barinholtz', 'Carla Gugino', 'Matt Dellapina', 'Nick Kishiyama', 'Mia Akemi Brown', 'Shannon Chan-Kent', 'Jack Fisher', 'Werner Herzog', 'Sky Alexis', 'Hira Ambrosino', 'Yoshi Ando', 'Larisa Asuaje', 'Sean Charmatz', 'Walt Dohrn', 'Ren Hanami', 'Amy Hill', 'Alyssa Lee', 'Noah McCown', 'Shino Nakamichi', 'Aliki Theofilopoulos', 'Toru Uchikado']",3.08,nan,"['Family', 'Fantasy', 'Animation', 'Comedy']",93,['USA'],English,['English'],['DreamWorks Animation'],58242,16585,12953,18,265,714,1045,3583,6155,16251,11145,7178,1354,2313,50003,https://letterboxd.com/film/orion-and-the-dark/
Infested,2023,Sébastien Vaniček,"['Théo Christine', 'Sofia Lesaffre', 'Finnegan Oldfield', 'Jérôme Niel', 'Lisa Nyarko', 'Marie-Philomène Nga', 'Emmanuel Bonami', 'Abdellah Moundy', 'Mahamadou Sangaré', 'Xing Xing Cheng', 'Malik Amraoui', 'Ike Zacsongo-Joseph', 'Samir Nait', 'Lehcem Mahidi', 'Nasser Mehal', 'Abdelkader Bounoir', 'Karim Daoues', 'Christine Kay', 'Stéphane Malassenet', 'Aicha Ameddah']",3.33,nan,['Horror'],106,['France'],French,['French'],['My Box Films'],31221,8428,9281,99,104,215,267,1054,1763,5438,7516,7834,1864,1464,27519,https://letterboxd.com/film/infested-2023/
Upgraded,2024,Carlson Young,"['Camila Mendes', 'Archie Renaux', 'Marisa Tomei', 'Lena Olin', 'Anthony Stewart Head', 'Thomas Kretschmann', 'Rachel Matthews', 'Grégory Montel', 'Andrew Schulz', 'Saoirse-Monica Jackson', 'Fola Evans-Akingbola', 'Aimee Carrero', 'Matteo Lane', 'Juliet Agnes', 'Akshay Shah', 'Jack Hewitt', 'Renny Krupinski', 'Chloe Wade', 'Hugh Edmeades', 'Paul Hawkyard', 'Alex McNally', 'Joe Osborne', 'Carlson Young']",2.8,nan,"['Comedy', 'Romance']",105,"['UK', 'USA']",English,['English'],"['GulfStream Pictures', 'Amazon MGM Studios', 'Tempo Productions', 'Luber Roklin Entertainment', 'Future Artists Entertainment']",162663,20116,30250,37,1328,3437,4217,15518,19514,40847,21955,20060,3508,6662,137046,https://letterboxd.com/film/upgraded/
The Crime Is Mine,2023,François Ozon,"['Nadia Tereszkiewicz', 'Rebecca Marder', 'Isabelle Huppert', 'Fabrice Luchini', 'Dany Boon', 'André Dussollier', 'Jean-Christophe Bouvet', 'Édouard Sulpice', 'Régis Laspalès', 'Olivier Broche', 'Félix Lefebvre', 'Michel Fau', 'Daniel Prévost', 'Evelyne Buyle', 'Myriam Boyer', 'Franck de la Personne', 'Suzanne De Baecque', 'Jean-Claude Bolle-Reddat', 'Dominique Besnehard', 'Anne-Hélène Orvelin', 'Georges Bécot', 'Radostina Rogliano', 'Paul Beaurepaire', 'Lucia Sanchez']",3.38,nan,"['Drama', 'Comedy', 'Mystery', 'Crime']",102,"['France', 'USA']",French,"['French', 'English']","['Mandarin Production', 'FOZ', 'Gaumont', 'France 2 Cinéma', 'Playtime', 'SCOPE Pictures']",22198,5246,4589,22,99,268,307,1103,1608,4357,4608,3708,730,793,17581,https://letterboxd.com/film/the-crime-is-mine/
The Last Stop in Yuma County,2023,Francis Galluppi,"['Jim Cummings', 'Jocelin Donahue', 'Richard Brake', 'Nicholas Logan', 'Faizon Love', 'Michael Abbott Jr.', 'Gene Jones', 'Robin Bartlett', 'Sierra McCormick', 'Connor Paolo', 'Ryan Masson', 'Alex Essoe', 'Sam Huntington', 'Jon Proudstar', 'Barbara Crampton', 'Robert Broski', 'Matt McVay']",3.64,nan,"['Thriller', 'Crime']",91,['USA'],English,['English'],"['Random Lane Productions', 'Local Boogeyman', 'Carte Blanche']",7411,2621,2476,17,13,20,21,146,281,994,1750,2259,515,297,6296,https://letterboxd.com/film/the-last-stop-in-yuma-county/
Self Reliance,2023,Jake Johnson,"['Jake Johnson', 'Anna Kendrick', 'Natalie Morales', 'Andy Samberg', 'Mary Holland', 'Emily Hampshire', 'Nancy Lenehan', 'Daryl J. Johnson', 'Miriam Flynn', 'Boban Marjanović', 'Biff Wiff', 'Eduardo Franco', 'Jeff Kober', 'Christopher Lloyd', 'Theo Wilson', 'Bjorn Johnson', 'John Hans Tester', 'Eric Edelstein', 'Ely Henry', 'Juan Carlos Jiménez', 'Ilia Volok', 'GaTa', 'Steven Littles', 'Tamra Brown', 'John Ponzio', 'Karen Maruyama', 'Sky Elobar', 'Gloria Sandoval', 'Makini Manu', 'Thomas Vu', 'Wayne Brady']",2.93,nan,"['Thriller', 'Comedy']",91,['USA'],English,['English'],"['The Lonely Island', 'Walcott Productions', 'MRC', 'Clown Show']",72178,13659,14728,21,191,865,1285,5678,10214,21786,12643,6691,1029,1201,61583,https://letterboxd.com/film/self-reliance/
Música,2024,Rudy Mancuso,"['Rudy Mancuso', 'Camila Mendes', 'Francesca Reale', 'Maria Mancuso', 'J.B. Smoove', 'Andy Grotelueschen', 'Camila Senna', 'Regina Schneider', 'Gregory Jones', 'Finn Brown', 'Milly Guzman', 'The Silvin G', 'Bia Borin', 'Beatriz Cavalieri', 'Josanna Vaz', 'Andy Muschietti', 'Gabriela Amerth', 'Bianca Comparato', 'Etienne Stadwijk', 'Miles Coreas', 'Antony Kalathara', 'Anthony Ferrara', 'Amie Enriquez', 'William Barletta']",3.13,nan,"['Music', 'Comedy', 'Romance']",91,['USA'],English,"['English', 'Portuguese']","['Wonderland Sound and Vision', 'Shots Studios', 'Amazon MGM Studios']",33600,6482,8760,58,302,619,583,1955,2812,7659,6947,5643,1347,1953,29820,https://letterboxd.com/film/musica/
The Three Musketeers: Milady,2023,Martin Bourboulon,"['François Civil', 'Vincent Cassel', 'Romain Duris', 'Pio Marmaï', 'Eva Green', 'Lyna Khoudri', 'Louis Garrel', 'Vicky Krieps', 'Jacob Fortune-Lloyd', 'Eric Ruf', 'Marc Barbé', 'Patrick Mille', 'Julien Frison', 'Ralph Amoussou', 'Alexis Michalik', 'Camille Rutherford', 'Dominique Valadié', 'Thibault Vinçon']",3.2,nan,"['Adventure', 'Action', 'Drama']",121,"['Belgium', 'France', 'Germany', 'Spain']",French,['French'],"['Pathé', 'Chapter 2', 'DeAPlaneta', 'Constantin Film', 'uMedia', 'uFilm', 'OCS', 'Région Bretagne', 'CNC', 'Canal+', 'La Région Île-de-France']",25587,4662,4630,9,103,322,511,1774,2678,5769,4689,3709,791,960,21306,https://letterboxd.com/film/the-three-musketeers-milady/
Inside the Yellow Cocoon Shell,2023,Phạm Thiên Ân,"['Le Phong Vu', 'Nguyen Thinh', 'Nguyen Thi Truc Quynh', 'Vu Ngoc Manh', 'Dylan Besseau']",3.59,nan,['Drama'],179,"['France', 'Singapore', 'Spain', 'Vietnam']",Vietnamese,['Vietnamese'],"['Deuxième Ligne Films', 'JK Film', 'PŌTOCOL', 'ZORBA The Imaginary Friends', 'Fasten Films']",8403,4815,2228,57,37,91,115,355,466,1070,1210,1678,665,466,6153,https://letterboxd.com/film/inside-the-yellow-cocoon-shell/
Suncoast,2024,Laura Chinn,"['Nico Parker', 'Laura Linney', 'Woody Harrelson', 'Daniella Taylor', 'Ella Anderson', 'Amarr M. Wooten', 'Ariel Martin', 'Keyla Monterroso Mejia', 'Pam Dougherty', 'Jason Burkey', 'Andrea Powell', 'Parker Sack', 'Andrew Dicostanzo', 'Elliott Sancrant', 'Matt Walsh', 'Karen Ceesay', 'Cree Kawa', 'Orelon Sidney', 'Brandon Arroyo', 'Darnell ""Starnell"" Snyder', 'Scott MacArthur', 'Carly Grissom', 'Oakley Maloney', 'Finn Maloney']",3.38,nan,"['Comedy', 'Drama']",109,['USA'],English,['English'],"['Searchlight Pictures', 'Freestyle Picture Company', 'Seven Deuce Entertainment']",19636,6920,5483,79,32,64,141,622,1345,4161,4509,3765,819,1409,16867,https://letterboxd.com/film/suncoast/
Scoop,2024,Philip Martin,"['Gillian Anderson', 'Billie Piper', 'Rufus Sewell', 'Keeley Hawes', 'Romola Garai', 'Richard Goulding', 'Amanda Redman', 'Connor Swindells', 'Lia Williams', 'Charity Wakefield', 'Jordan Kouamé', 'Paul Popplewell', 'Zach Colton', 'Kate Fleetwood', 'Aoife Hinds', 'Alex Waldmann', 'Colin Wells', 'Raffaello Degruttola', 'Vangelis Christodoulou', 'Gordon Warnecke', 'Christopher Fairbank', 'Tim Bentinck', 'Mark Noble', 'Nicholas Murchie', 'Charlotte Avery', 'Mia Threapleton', 'Jonathan Rhodes', 'Charlie Roe', 'Harriet Benson', 'Nicholas A. Newman', 'Andrew MacBean', 'Jon De Ville', 'Kayla Rowe-Wilson']",2.98,nan,['Drama'],103,['UK'],English,"['English', 'Spanish']","['The Lighthouse', 'Voltage TV']",44296,6061,5442,5,92,327,638,3442,6374,14213,6834,4287,427,717,37351,https://letterboxd.com/film/scoop-2024/
Good Grief,2023,Dan Levy,"['Dan Levy', 'Ruth Negga', 'Himesh Patel', 'Luke Evans', 'Celia Imrie', 'Arnaud Valois', 'David Bradley', 'Mehdi Baki', 'Emma Corrin', 'Jamael Westman', 'Kaitlyn Dever', 'Yoli Fuller', 'Noé Besin', 'Cyrielle Debreuil', 'Nigel Lilley', 'Gabriel Marc', 'Zoé Bruneau']",2.98,nan,"['Comedy', 'Drama']",101,"['UK', 'USA']",English,['English'],"['Not a Real Production Company', 'SISTER']",42481,7681,7665,33,179,648,890,3732,5443,11210,6065,4947,861,1700,35675,https://letterboxd.com/film/good-grief-2023-1/
Housekeeping for Beginners,2023,Goran Stolevski,"['Anamaria Marinca', 'Alina Serban', 'Samson Selim', 'Vladimir Tintor', 'Mia Mustafa', 'DŽada Selim', 'Sara Klimoska', 'Rozafa Celaj', 'Ajse Useini', 'Aleksandra Peševska', 'Irena Ristić', 'Filip Trajkovikj', 'Mamura Mustafa', 'Fisnik Zeqiri', 'Ziba Radoncic', 'Ilire Vinca', 'Serbija Shabanova', 'Bislim Muçaj', 'Sanela Emin', 'Ganimet Abdula', 'Kjeziban Redjep', 'Sakip Muarem', 'Nahmir Useini', 'Dilbera Kamberovska', 'Vesna Petrushevska', 'Žaklina Stefkovska', 'Ines Radoncic', 'Blagoj Veselinov', 'Emilija Micevska-Trajkovikj', 'Gorast Cvetkovski', 'Aleksandar Stepanuleski', 'Strezo Stamatovski', 'Slavica Manaskova', 'Jasmina Vasileva', 'Tara Popova', 'Sofija Jancovska', 'Zlatko Mitrevski', 'Safet Sheric', 'Sunaj Ismail', 'Nadir Usen', 'Nedjat Kanberi', 'Eleonora Gievska', 'Ratka Stojceska', 'Ivo Antov Larsson', 'Stefanija Nachevska', 'Tomislav Davidovski', 'Naza Mustafa', 'Luisa Djennet Mustafa']",3.6,nan,"['Comedy', 'Drama']",107,"['Australia', 'Croatia', 'Kosovo', 'North Macedonia', 'Poland', 'Serbia', 'Sweden']",Macedonian,"['Macedonian', 'Albanian']","['List Production', 'Madants', 'Kinorama', 'SENSE Production', 'Industria Film', 'Film i Väst', 'Common Ground Pictures', 'Causeway Films']",3495,2206,1044,7,7,12,15,81,157,510,670,830,241,194,2717,https://letterboxd.com/film/housekeeping-for-beginners/
We Grown Now,2023,Minhal Baig,"['Blake Cameron James', 'Gian Knight Ramirez', 'S. Epatha Merkerson', 'Avery Holliday', 'Ora Jones', 'Lil Rel Howery', 'Jurnee Smollett']",3.62,nan,['Drama'],90,['USA'],English,['English'],"['Participant', 'Symbolic Exchange', 'Stage 6 Films']",2294,1575,756,7,3,11,10,58,92,308,433,537,177,180,1809,https://letterboxd.com/film/we-grown-now/
Disco Boy,2023,Giacomo Abbruzzese,"['Franz Rogowski', 'Morr Ndiaye', 'Laëtitia Ky', 'Leon Lučev', 'Matteo Olivetti', 'Robert Więckiewicz', 'Michał Balicki', 'Ash Goldeh', 'Max Geller', 'Mutamba Kalonji']",3.37,nan,"['Drama', 'War']",93,"['Belgium', 'France', 'Italy', 'Poland', 'USA']",French,"['French', 'Igbo', 'English', 'Polish', 'Russian']","['Films Grand Huit', 'DIVISION', 'Panache Productions', 'Dugong Films', 'Donten & Lacroix Films', 'La Compagnie Cinématographique']",9109,2963,1892,42,37,83,113,500,766,1667,1671,1393,394,350,6974,https://letterboxd.com/film/disco-boy/
Stopmotion,2023,Robert Morgan,"['Aisling Franciosi', 'Stella Gonet', 'Tom York', 'Therica Wilson-Read', 'Bridgitta Roy', 'Caoilinn Springall', 'Alex Freeborn', 'James Swanton', 'James Harris', 'Jaz Hutchins', 'Joshua J. Parker', 'Nicola Alexis']",3.1,nan,['Horror'],93,['UK'],English,['English'],"['BlueLight', 'BFI']",22700,7884,5315,29,200,440,554,1812,2424,4916,4334,3471,844,686,19681,https://letterboxd.com/film/stopmotion/
Driving Madeleine,2022,Christian Carion,"['Line Renaud', 'Dany Boon', 'Alice Isaaz', 'Gwendoline Hamon', 'Hadriel Roure', 'Elie Kaempfen', 'Christophe Rossignon', 'Jérémie Laheurte', 'Julie Delarme', 'Thomas Alden', ""Agathe L'Huillier"", 'Alexandra Mercouroff', 'Antonin Carion', 'Arthur Girard', 'Bertrand Ornano', 'Carl Laforêt', 'Christian Carion', 'Christian Mupondo', 'Elvire Lestrade', 'Frédéric Cherboeuf', 'Frederick Malahieude', 'Gilles Salle', 'Jacques Courtès', 'Jérôme Dano', 'Juliette Steimer', 'Juliette Wiatr', 'Léonie Carion', 'Marie-Claude Ragon', 'Meryl Mourey', 'Nadir Legrand', 'Philippe Beautier', 'Sylvie Audcoeur', 'Sylvie Valentini', 'Tom Hudson', 'Vincent Dauphin', 'Romy Milelli']",3.46,nan,"['Drama', 'Comedy']",91,"['Belgium', 'France']",French,['French'],"['Une Hirondelle Productions', 'Artémis Productions', 'TF1 Films Production', 'Pathé', 'Bright Lights Films', 'Kobayashi Prod', 'Shelter Prod', 'Canal+', 'Ciné+', 'TF1', 'TMC', 'SofiTVCiné 8', 'SofiTVCiné 9', 'Taxshelter. be']",3726,893,860,12,1,23,40,139,253,663,708,690,177,287,2981,https://letterboxd.com/film/driving-madeleine/
"LaRoy, Texas",2023,Shane Atkinson,"['John Magaro', 'Steve Zahn', 'Galadriel Stineman', 'Matthew Del Negro', 'Bob Clendenin', 'Brad Leland', 'Dylan Baker', 'Megan Stevenson', 'Emily Pendergast', 'Alex Knight', 'Rio Alexander', 'Darcy Shean', 'Mimi Fletcher', 'Teagan Ireland', 'Vic Browder', 'Brannon Cross', 'A.J. Buckley', 'Alaina Warren Zachary', 'Versai Knight', 'Ian A. Hudson']",3.4,nan,"['Comedy', 'Crime', 'Thriller']",110,"['USA', 'France']",English,['English'],"['Lotus Entertainment', 'Adastra Films']",5672,1652,1305,7,12,29,48,221,388,1143,1535,1012,218,176,4782,https://letterboxd.com/film/laroy-texas/
Cabrini,2024,Alejandro Gómez Monteverde,"[""Cristiana Dell'Anna"", 'David Morse', 'Giancarlo Giannini', 'John Lithgow', 'Romana Maggiora Vergano', 'Federico Ielapi', 'Virginia Bocelli', 'Rolando Villazón', 'Jeremy Bobb', 'Federico Castelluccio', 'Patch Darragh', 'Seán Cullen', 'Andrew Polk', 'Allen Lewis Rickman', 'Giampiero Judica', 'Kevin Tanski', 'Fausto Russo Alesi', 'Sam Bond', 'Montserrat Espadalé', 'Peter Lojacono', 'Sarah Santizo', 'Brian Ceponis', 'Eugenia Forteza']",3.37,nan,"['History', 'Drama']",142,"['Italy', 'USA']",English,"['English', 'Italian']","['Angel Studios', 'Santa Fe Films', 'Lupin Film', 'Lodigiano Film Development']",5405,1805,1503,10,51,69,74,219,374,853,899,1077,348,585,4549,https://letterboxd.com/film/cabrini/
Molli and Max in the Future,2023,Michael Lukk Litwak,"['Zosia Mamet', 'Aristotle Athiras', 'Arturo Castro', 'Michael Chernus', 'Aparna Nancherla', 'Okieriete Onaodowan', 'Paloma Garcia-Lee', 'Erin Darke', 'Grace Kuhlenschmidt', 'Matteo Lane', 'Danny Burstein', 'Jane Dashow', 'Nick Mestad', 'Rachel Naugle', 'Connie Shi', 'Maura Grace Athari', 'David Bluvband', 'David Hull', 'Laura Lee Caudill']",3.46,nan,"['Romance', 'Comedy', 'Science Fiction']",93,['USA'],English,['English'],"['Choreografx', 'DVRG', 'Senior Post', 'Whiskey Bear', 'the Family']",1391,726,439,4,5,12,24,65,71,192,275,261,74,101,1080,https://letterboxd.com/film/molli-and-max-in-the-future/
Ordinary Angels,2024,Jon Gunn,"['Hilary Swank', 'Alan Ritchson', 'Emily Mitchell', 'Skywalker Hughes', 'Nancy Travis', 'Tamala Jones', 'Drew Powell', 'Amy Acker', 'Stephanie Sy', 'Erik Athavale', 'Dempsey Bryk', 'David Brown', 'Darcy Fehr', 'Don Mike', 'Ryan Allen', 'DJ Brotherson', 'Gabriel Daniels', 'Andrea del Campo', 'Jean-Jacques Javier', 'Ernie Pitts', 'Nancy Sorel']",3.25,nan,['Drama'],118,['USA'],English,['English'],"['Kingdom Story Company', 'Vertigo Entertainment', 'Stampede Ventures']",6116,2589,1527,4,44,89,119,351,558,1271,1011,1041,278,495,5257,https://letterboxd.com/film/ordinary-angels/
The Kitchen,2023,"Daniel Kaluuya, Kibwe Tavares","['Kane Robinson', 'Jedaiah Bannerman', 'BACKROAD GEE', 'Hope Ikpoku Jnr', 'Demmy Ladipo', 'Rasaq Kukoyi', 'Ian Wright', 'Cristale', 'Henry Lawfull', 'Richie Lawrie', 'Fiona Marr', 'Lola-Rose Maxwell', 'Dani Moseley', 'Ewart James Walters', 'Neville Watson', 'Karen Williams', 'Rhys Yates']",2.67,nan,"['Adventure', 'Comedy', 'Thriller', 'Science Fiction', 'Drama']",108,"['UK', 'USA']",English,['English'],"['DMC Film', '59%', 'Film4 Productions', 'Factory Fifteen']",19986,4710,2766,7,287,744,895,3004,3222,4772,2334,1471,246,320,17295,https://letterboxd.com/film/the-kitchen-2023/
You'll Never Find Me,2023,"Indianna Bell, Josiah Allen","['Brendan Rock', 'Jordan Cowan', 'Elena Carapetis', 'Angela Korng', 'Finn Watson', 'Luca Trimboli']",3.04,nan,"['Horror', 'Thriller']",96,['Australia'],English,['English'],"['Someone Like U Productions', 'Stakeout Films']",11487,3169,2261,6,81,201,276,930,1380,2883,2114,1489,297,230,9881,https://letterboxd.com/film/youll-never-find-me/
Arcadian,2024,Benjamin Brewer,"['Nicolas Cage', 'Jaeden Martell', 'Maxwell Jenkins', 'Sadie Soverall', 'Samantha Coughlan', 'Joel Gillman', 'Joe Dixon', 'Daire McMahon']",2.85,nan,"['Science Fiction', 'Thriller', 'Horror']",92,"['Ireland', 'USA']",English,['English'],"['Highland Film Group', 'Redline Entertainment', 'Wild Atlantic Pictures', 'Aperture Media Partners', 'Saturn Films']",12477,5017,2430,2,118,317,425,1371,1984,3291,1997,991,180,185,10859,https://letterboxd.com/film/arcadian/
Fitting In,2023,Molly McGlynn,"['Maddie Ziegler', 'Emily Hampshire', ""D'Pharaoh Woon-A-Tai"", 'Ki Griffin', 'Djouliet Amara', 'Dale Whibley', 'Dennis Andres', 'Michael Therriault', 'Rhoslynne Bugay', 'Marni Van Dyk', 'Vivien Endicott Douglas', ""Kataem O'Connor"", 'Emma Hunter', 'Neil Crone', 'Christian Rose']",3.1,nan,"['Drama', 'Comedy']",106,['Canada'],English,['English'],"['Nice Picture Inc.', 'Wondaland']",5911,1959,1289,5,49,109,124,391,548,1429,1139,933,171,211,5104,https://letterboxd.com/film/fitting-in-2023/
Monolith,2022,Matt Vesely,"['Lily Sullivan', 'Ling Cooper Tang', 'Ansuya Nathan', 'Erik Thomson', 'Terence Crawford', 'Matt Crook', 'Kate Box', 'Rashidi Edward', 'Brigid Zengeni', 'Damon Herriman', 'Chase Coleman']",3.18,nan,"['Science Fiction', 'Mystery', 'Thriller']",94,['Australia'],English,['English'],"['South Australian Film Corporation', 'Adelaide Film Festival Investment Fund', 'Black Cat White Rabbit Productions']",6082,1988,1312,4,39,70,86,380,584,1531,1326,837,136,111,5100,https://letterboxd.com/film/monolith-2022/
Limbo,2023,Ivan Sen,"['Simon Baker', 'Rob Collins', 'Natasha Wanganeen', 'Nicholas Hope', 'Mark Coe', 'Joshua Warrior', 'Nick Buckland', 'Alexis Lennon', 'Craig Rossiter']",3.24,nan,"['Mystery', 'Crime', 'Thriller', 'Drama']",108,['Australia'],English,['English'],"['Bunya Productions', 'Windalong Films']",3096,1317,558,6,21,45,69,183,293,630,585,421,103,72,2422,https://letterboxd.com/film/limbo-2023-1/
Drift,2023,Anthony Chen,"['Cynthia Erivo', 'Alia Shawkat', 'Ibrahima Ba', 'Honor Swinton Byrne', 'Zainab Jah', 'Suzy Bemba', 'Vincent Vermignon', 'Abigail Boyd', 'Amanda Drew', 'Luca Calvani', 'Dorotea Mercuri', 'Jonathan Rhodes', 'Adonis Sklavenas', 'Adriana Teplytska', 'Aggelos Georgiadis', 'Alexandros Sotiriou', 'Anastasia Chaldaiou', 'Anastasia Drakou', 'Makiko Yamaguchi', 'Anastasia Roditi', 'Anna Papaspati', 'Anthony Cornaga', 'Antonia Orfanou', 'Argiris Georgalas', 'Brenda Kirmis', 'David Rawstron', 'Christina Chatzimarinaki', 'Agni Politaki', 'Elvis Allarai', 'Diamantis Konstantinos Angelos', 'Hristos Glykos', 'Issa Coulibaly', 'John Ngugi', 'David Nnadi', 'David Okonkwo', 'Despina Polykandritou', 'Eddy Mopongi', 'Eden Guley', 'Liam Guley', 'Emmanuel Nwaugu', 'Emmanuel Okonkwo', 'Augustine Ioannidis', 'Euaggelia Stoltidou', 'Eyole Olef', 'Filippos Koutsoukis', 'Giannis Egglezos Panos']",3.28,nan,"['Drama', 'Romance']",93,"['France', 'Greece', 'UK']",Greek (modern),"['Greek (modern)', 'English']","['Paradise City', 'Heretic', 'FortyNineSixty', 'EPT']",1733,1119,304,4,5,12,30,111,161,345,284,215,53,47,1263,https://letterboxd.com/film/drift-2023/
Blackout,2023,Larry Fessenden,"['Alex Hurt', 'Addison Timlin', 'Barbara Crampton', 'Kevin Corrigan', 'James Le Gros', 'Joe Swanberg', 'Marshall Bell', 'Ella Rae Peck', 'Marc Senter', 'Michael Buscemi', 'Joseph Castillo-Midyett', 'Asta Paredes', 'Jeremy Holm', 'Cody Kostro', 'John Speredakos', 'Motell Gyn Foster', 'Rigo Garay', 'Clay von Carlowitz', 'Braxton Sohns', 'Gaby Leyner']",3.07,nan,"['Horror', 'Drama']",107,['USA'],English,['English'],['Glass Eye Pix'],1102,825,247,0,11,35,43,106,132,223,153,107,14,27,851,https://letterboxd.com/film/blackout-2023/
Blood for Dust,2023,Rod Blackhurst,"['Scoot McNairy', 'Kit Harington', 'Josh Lucas', 'Stephen Dorff', 'Nora Zehetner', 'Ethan Suplee', 'Amber Rose Mason', 'Megan Folsom', 'Chris Mullinax', 'Golden Garnick', 'Everett Blunck', 'Algin Mendez', 'Jeff Medley', 'J.D. Hoppe', 'Gabriel Clark', 'Blake de Pastino', 'Scott McCauley', 'Travis W Bruyer', 'John Budge', ""Ross O'Connor"", 'Russ Tiller', 'Robert Majerus', 'Jackson T. Scott']",3.06,nan,"['Thriller', 'Crime', 'Action']",98,['USA'],English,['English'],"['Nickel City Pictures', 'Witchcraft Motion Picture Company', 'Studio507', 'JaiD7 Pictures', 'Buffalo 8', 'Good Wizard', 'BondIt Media Capital', 'Short Porch Pictures']",1055,506,143,0,7,18,32,133,163,269,138,48,2,15,825,https://letterboxd.com/film/blood-for-dust/
